Feature,Importance
Id,0.3996419656488028
PetalLengthCm,0.2865723730181436
PetalWidthCm,0.2594408479651051
SepalLengthCm,0.04663361357044151
SepalWidthCm,0.007711199797506976
